{"cameraMode":{"drawMode":0,"name":"Shaded","section":"Shading Mode"},"sceneLighting":false,"audioPlay":false,"sceneViewState":{"m_AlwaysRefresh":false,"showFog":true,"showSkybox":false,"showFlares":true,"showImageEffects":true,"showParticleSystems":true,"showVisualEffectGraphs":true,"m_FxEnabled":true},"in2DMode":false,"pivot":{"x":-3.5762786865234377e-7,"y":0.8383638858795166,"z":-0.10238087177276612},"rotation":{"x":-0.11486199498176575,"y":0.6746544241905212,"z":-0.07588468492031098,"w":-0.7293094396591187},"size":1.3685780763626099,"orthographic":false}