{"cameraMode":{"drawMode":0,"name":"Shaded","section":"Shading Mode"},"sceneLighting":false,"audioPlay":false,"sceneViewState":{"m_AlwaysRefresh":false,"showFog":true,"showSkybox":false,"showFlares":true,"showImageEffects":true,"showParticleSystems":true,"showVisualEffectGraphs":true,"m_FxEnabled":true},"in2DMode":false,"pivot":{"x":2.217644453048706,"y":-14.026461601257325,"z":22.75796127319336},"rotation":{"x":0.23281534016132356,"y":0.08898106962442398,"z":-0.028921764343976976,"w":0.9697613716125488},"size":18.802043914794923,"orthographic":false}