{"cameraMode":{"drawMode":0,"name":"Shaded","section":"Shading Mode"},"sceneLighting":false,"audioPlay":false,"sceneViewState":{"m_AlwaysRefresh":false,"showFog":true,"showSkybox":false,"showFlares":true,"showImageEffects":true,"showParticleSystems":true,"showVisualEffectGraphs":true,"m_FxEnabled":true},"in2DMode":false,"pivot":{"x":4.960136413574219,"y":0.9764373302459717,"z":4.594583034515381},"rotation":{"x":0.21124756336212159,"y":0.07791008055210114,"z":-0.024362828582525255,"w":0.9757580161094666},"size":2.7276344299316408,"orthographic":false}