{"cameraMode":{"drawMode":0,"name":"Shaded","section":"Shading Mode"},"sceneLighting":true,"audioPlay":false,"sceneViewState":{"m_AlwaysRefresh":false,"showFog":true,"showSkybox":false,"showFlares":true,"showImageEffects":true,"showParticleSystems":true,"showVisualEffectGraphs":true,"m_FxEnabled":true},"in2DMode":false,"pivot":{"x":0.016742706298828126,"y":5.221683979034424,"z":13.504836082458496},"rotation":{"x":-0.13633832335472108,"y":0.40442320704460146,"z":-0.05276073142886162,"w":-0.9045760631561279},"size":36.37306594848633,"orthographic":false}