{"cameraMode":{"drawMode":0,"name":"Shaded","section":"Shading Mode"},"sceneLighting":false,"audioPlay":false,"sceneViewState":{"m_AlwaysRefresh":false,"showFog":true,"showSkybox":false,"showFlares":true,"showImageEffects":true,"showParticleSystems":true,"showVisualEffectGraphs":true,"m_FxEnabled":true},"in2DMode":false,"pivot":{"x":-1.1916389465332032,"y":4.449274063110352,"z":-0.36214447021484377},"rotation":{"x":0.00479314336553216,"y":-0.999182939529419,"z":0.05312270298600197,"w":-0.04449097812175751},"size":6.8128743171691898,"orthographic":false}