{"cameraMode":{"drawMode":0,"name":"Shaded","section":"Shading Mode"},"sceneLighting":false,"audioPlay":false,"sceneViewState":{"m_AlwaysRefresh":false,"showFog":true,"showSkybox":false,"showFlares":true,"showImageEffects":true,"showParticleSystems":true,"showVisualEffectGraphs":true,"m_FxEnabled":true},"in2DMode":false,"pivot":{"x":23.281230926513673,"y":-3.1555778980255129,"z":1.7448947429656983},"rotation":{"x":0.12045155465602875,"y":0.5645573735237122,"z":-0.09209565818309784,"w":0.8134430050849915},"size":12.12435531616211,"orthographic":false}