{"cameraMode":{"drawMode":0,"name":"Shaded","section":"Shading Mode"},"sceneLighting":true,"audioPlay":false,"sceneViewState":{"m_AlwaysRefresh":false,"showFog":true,"showSkybox":true,"showFlares":true,"showImageEffects":true,"showParticleSystems":true,"showVisualEffectGraphs":true,"m_FxEnabled":true},"in2DMode":false,"pivot":{"x":317.9607849121094,"y":-1.1132941246032715,"z":507.35040283203127},"rotation":{"x":-0.3174409866333008,"y":-0.07338414341211319,"z":0.011624396778643132,"w":-0.9507966637611389},"size":1.216042160987854,"orthographic":false}