{"cameraMode":{"drawMode":0,"name":"Shaded","section":"Shading Mode"},"sceneLighting":true,"audioPlay":false,"sceneViewState":{"m_AlwaysRefresh":false,"showFog":true,"showSkybox":true,"showFlares":true,"showImageEffects":true,"showParticleSystems":true,"showVisualEffectGraphs":true,"m_FxEnabled":true},"in2DMode":false,"pivot":{"x":491.63262939453127,"y":2.293825149536133,"z":486.18109130859377},"rotation":{"x":0.06846065074205399,"y":0.07009270787239075,"z":0.013291620649397374,"w":-0.9964074492454529},"size":1.5657190084457398,"orthographic":false}