{"cameraMode":{"drawMode":0,"name":"Shaded","section":"Shading Mode"},"sceneLighting":true,"audioPlay":false,"sceneViewState":{"m_AlwaysRefresh":false,"showFog":true,"showSkybox":true,"showFlares":true,"showImageEffects":true,"showParticleSystems":true,"showVisualEffectGraphs":true,"m_FxEnabled":true},"in2DMode":false,"pivot":{"x":615.9417724609375,"y":13.436878204345704,"z":331.17376708984377},"rotation":{"x":-0.11655963212251663,"y":0.8019455671310425,"z":-0.11670106649398804,"w":-0.5815608501434326},"size":1.7708534002304078,"orthographic":false}