{"cameraMode":{"drawMode":0,"name":"Shaded","section":"Shading Mode"},"sceneLighting":true,"audioPlay":false,"sceneViewState":{"m_AlwaysRefresh":false,"showFog":true,"showSkybox":true,"showFlares":true,"showImageEffects":true,"showParticleSystems":true,"showVisualEffectGraphs":true,"m_FxEnabled":true},"in2DMode":false,"pivot":{"x":626.5845947265625,"y":15.738594055175782,"z":342.46441650390627},"rotation":{"x":0.06835245341062546,"y":-0.7461864352226257,"z":0.016095122322440149,"w":0.6652647256851196},"size":2.2582948207855226,"orthographic":false}