{"cameraMode":{"drawMode":0,"name":"Shaded","section":"Shading Mode"},"sceneLighting":true,"audioPlay":false,"sceneViewState":{"m_AlwaysRefresh":false,"showFog":true,"showSkybox":true,"showFlares":true,"showImageEffects":true,"showParticleSystems":true,"showVisualEffectGraphs":true,"m_FxEnabled":true},"in2DMode":false,"pivot":{"x":-1.5900163650512696,"y":2.2800135612487795,"z":-57.548194885253909},"rotation":{"x":0.0002341977960895747,"y":-0.9990828037261963,"z":0.04429955407977104,"w":0.00941245723515749},"size":0.8660253882408142,"orthographic":false}