{"cameraMode":{"drawMode":0,"name":"Shaded","section":"Shading Mode"},"sceneLighting":true,"audioPlay":false,"sceneViewState":{"m_AlwaysRefresh":false,"showFog":true,"showSkybox":true,"showFlares":true,"showImageEffects":true,"showParticleSystems":true,"showVisualEffectGraphs":true,"m_FxEnabled":true},"in2DMode":false,"pivot":{"x":495.4866027832031,"y":0.5836169719696045,"z":484.11175537109377},"rotation":{"x":0.055463939905166629,"y":0.8866300582885742,"z":-0.12659752368927003,"w":0.4442462623119354},"size":2.3186490535736086,"orthographic":false}